dT_Index,TSO_Index,TSO_Sequence,TSO_Offset,trx_name,trx_concentration_uM
1,1,GGTAGCTA,0,b-estradiol,10
2,1,GGTAGCTA,0,AICAR,10
3,1,GGTAGCTA,0,alvespimycin,10
4,1,GGTAGCTA,0,bortezomib,0.01
5,1,GGTAGCTA,0,cytochalasin-d,10
6,1,GGTAGCTA,0,dexamethasone,10
7,1,GGTAGCTA,0,forskolin,10
8,1,GGTAGCTA,0,fulvestrant,10
9,1,GGTAGCTA,0,genistein,10
10,1,GGTAGCTA,0,ITE,10
1,4,TGGGACAT,3,lovastatin,10
2,4,TGGGACAT,3,vitamin-k3,10
3,4,TGGGACAT,3,mitoxantrone,10
4,4,TGGGACAT,3,DMSO,0
5,4,TGGGACAT,3,nocodazole,10
6,4,TGGGACAT,3,PMA,10
7,4,TGGGACAT,3,piperine,10
8,4,TGGGACAT,3,SP600125,10
9,4,TGGGACAT,3,radicicol,10
10,4,TGGGACAT,3,SB202190,10