dT_Index,dT_ReadSeq,dT_OligoSeq,TSO_Index,TSO_Sequence,TSO_Offset,Replicate,Plate,Position,Name,Solvent,Concentration_uM,Time_hr,is_control
1,CTGATCGT,ACGATCAG,1,GGTAGCTA,0,1,A,B2,b-estradiol,DMSO,10,6,FALSE
2,ACTCTCGA,TCGAGAGT,1,GGTAGCTA,0,1,A,B3,AICAR,DMSO,10,6,FALSE
3,TGAGCTAG,CTAGCTCA,1,GGTAGCTA,0,1,A,B4,alvespimycin,DMSO,10,6,FALSE
4,GAGACGAT,ATCGTCTC,1,GGTAGCTA,0,1,A,B5,bortezomib,DMSO,0.01,6,FALSE
5,CTTGTCGA,TCGACAAG,1,GGTAGCTA,0,1,A,B6,cytochalasin-d,DMSO,10,6,FALSE
6,TTCCAAGG,CCTTGGAA,1,GGTAGCTA,0,1,A,B7,dexamethasone,DMSO,10,6,FALSE
7,CGCATGAT,ATCATGCG,1,GGTAGCTA,0,1,A,B8,forskolin,DMSO,10,6,FALSE
8,ACGGAACA,TGTTCCGT,1,GGTAGCTA,0,1,A,B9,fulvestrant,DMSO,10,6,FALSE
9,CGGCTAAT,ATTAGCCG,1,GGTAGCTA,0,1,A,B10,genistein,DMSO,10,6,FALSE
10,ATCGATCG,CGATCGAT,1,GGTAGCTA,0,1,A,B11,ITE,DMSO,10,6,FALSE
1,CTGATCGT,ACGATCAG,4,TGGGACAT,3,1,A,C2,lovastatin,DMSO,10,6,FALSE
2,ACTCTCGA,TCGAGAGT,4,TGGGACAT,3,1,A,C3,vitamin-k3,DMSO,10,6,FALSE
3,TGAGCTAG,CTAGCTCA,4,TGGGACAT,3,1,A,C4,mitoxantrone,DMSO,10,6,FALSE
4,GAGACGAT,ATCGTCTC,4,TGGGACAT,3,1,A,C5,DMSO,DMSO,0,6,TRUE
5,CTTGTCGA,TCGACAAG,4,TGGGACAT,3,1,A,C6,nocodazole,DMSO,10,6,FALSE
6,TTCCAAGG,CCTTGGAA,4,TGGGACAT,3,1,A,C7,PMA,DMSO,10,6,FALSE
7,CGCATGAT,ATCATGCG,4,TGGGACAT,3,1,A,C8,piperine,DMSO,10,6,FALSE
8,ACGGAACA,TGTTCCGT,4,TGGGACAT,3,1,A,C9,SP600125,DMSO,10,6,FALSE
9,CGGCTAAT,ATTAGCCG,4,TGGGACAT,3,1,A,C10,radicicol,DMSO,10,6,FALSE
10,ATCGATCG,CGATCGAT,4,TGGGACAT,3,1,A,C11,SB202190,DMSO,10,6,FALSE
1,CTGATCGT,ACGATCAG,2,GTATCAGC,3,1,A,D2,STO609,DMSO,10,6,FALSE
2,ACTCTCGA,TCGAGAGT,2,GTATCAGC,3,1,A,D3,thapsigargin,DMSO,10,6,FALSE
3,TGAGCTAG,CTAGCTCA,2,GTATCAGC,3,1,A,D4,all-trans-retinoic-acid,DMSO,10,6,FALSE
4,GAGACGAT,ATCGTCTC,2,GTATCAGC,3,1,A,D5,trichostatin-a,DMSO,10,6,FALSE
5,CTTGTCGA,TCGACAAG,2,GTATCAGC,3,1,A,D6,tricirbine,DMSO,10,6,FALSE
6,TTCCAAGG,CCTTGGAA,2,GTATCAGC,3,1,A,D7,troglitazone,DMSO,10,6,FALSE
7,CGCATGAT,ATCATGCG,2,GTATCAGC,3,1,A,D8,SAHA,DMSO,10,6,FALSE
8,ACGGAACA,TGTTCCGT,2,GTATCAGC,3,1,A,D9,withaferin-a,DMSO,10,6,FALSE
9,CGGCTAAT,ATTAGCCG,2,GTATCAGC,3,1,A,D10,DMSO,DMSO,0,6,TRUE
10,ATCGATCG,CGATCGAT,2,GTATCAGC,3,1,A,D11,wortmannin,DMSO,10,6,FALSE
1,CTGATCGT,ACGATCAG,5,CGTTCGCA,0,2,A,E2,wortmannin,DMSO,10,6,FALSE
2,ACTCTCGA,TCGAGAGT,5,CGTTCGCA,0,2,A,E3,DMSO,DMSO,0,6,TRUE
3,TGAGCTAG,CTAGCTCA,5,CGTTCGCA,0,2,A,E4,withaferin-a,DMSO,10,6,FALSE
4,GAGACGAT,ATCGTCTC,5,CGTTCGCA,0,2,A,E5,SAHA,DMSO,10,6,FALSE
5,CTTGTCGA,TCGACAAG,5,CGTTCGCA,0,2,A,E6,troglitazone,DMSO,10,6,FALSE
6,TTCCAAGG,CCTTGGAA,5,CGTTCGCA,0,2,A,E7,tricirbine,DMSO,10,6,FALSE
7,CGCATGAT,ATCATGCG,5,CGTTCGCA,0,2,A,E8,trichostatin-a,DMSO,10,6,FALSE
8,ACGGAACA,TGTTCCGT,5,CGTTCGCA,0,2,A,E9,all-trans-retinoic-acid,DMSO,10,6,FALSE
9,CGGCTAAT,ATTAGCCG,5,CGTTCGCA,0,2,A,E10,thapsigargin,DMSO,10,6,FALSE
10,ATCGATCG,CGATCGAT,5,CGTTCGCA,0,2,A,E11,STO609,DMSO,10,6,FALSE
1,CTGATCGT,ACGATCAG,3,CCATTAAT,0,2,A,F2,SB202190,DMSO,10,6,FALSE
2,ACTCTCGA,TCGAGAGT,3,CCATTAAT,0,2,A,F3,radicicol,DMSO,10,6,FALSE
3,TGAGCTAG,CTAGCTCA,3,CCATTAAT,0,2,A,F4,SP600125,DMSO,10,6,FALSE
4,GAGACGAT,ATCGTCTC,3,CCATTAAT,0,2,A,F5,piperine,DMSO,10,6,FALSE
5,CTTGTCGA,TCGACAAG,3,CCATTAAT,0,2,A,F6,PMA,DMSO,10,6,FALSE
6,TTCCAAGG,CCTTGGAA,3,CCATTAAT,0,2,A,F7,nocodazole,DMSO,10,6,FALSE
7,CGCATGAT,ATCATGCG,3,CCATTAAT,0,2,A,F8,DMSO,DMSO,0,6,TRUE
8,ACGGAACA,TGTTCCGT,3,CCATTAAT,0,2,A,F9,mitoxantrone,DMSO,10,6,FALSE
9,CGGCTAAT,ATTAGCCG,3,CCATTAAT,0,2,A,F10,vitamin-k3,DMSO,10,6,FALSE
10,ATCGATCG,CGATCGAT,3,CCATTAAT,0,2,A,F11,lovastatin,DMSO,10,6,FALSE
1,CTGATCGT,ACGATCAG,6,TCACCTTG,3,2,A,G2,ITE,DMSO,10,6,FALSE
2,ACTCTCGA,TCGAGAGT,6,TCACCTTG,3,2,A,G3,genistein,DMSO,10,6,FALSE
3,TGAGCTAG,CTAGCTCA,6,TCACCTTG,3,2,A,G4,fulvestrant,DMSO,10,6,FALSE
4,GAGACGAT,ATCGTCTC,6,TCACCTTG,3,2,A,G5,forskolin,DMSO,10,6,FALSE
5,CTTGTCGA,TCGACAAG,6,TCACCTTG,3,2,A,G6,dexamethasone,DMSO,10,6,FALSE
6,TTCCAAGG,CCTTGGAA,6,TCACCTTG,3,2,A,G7,cytochalasin-d,DMSO,10,6,FALSE
7,CGCATGAT,ATCATGCG,6,TCACCTTG,3,2,A,G8,bortezomib,DMSO,0.01,6,FALSE
8,ACGGAACA,TGTTCCGT,6,TCACCTTG,3,2,A,G9,alvespimycin,DMSO,10,6,FALSE
9,CGGCTAAT,ATTAGCCG,6,TCACCTTG,3,2,A,G10,AICAR,DMSO,10,6,FALSE
10,ATCGATCG,CGATCGAT,6,TCACCTTG,3,2,A,G11,b-estradiol,DMSO,10,6,FALSE
11,GATCTTGC,GCAAGATC,1,GGTAGCTA,0,3,B,B2,b-estradiol,DMSO,10,6,FALSE
12,AGGATAGC,GCTATCCT,1,GGTAGCTA,0,3,B,B3,AICAR,DMSO,10,6,FALSE
13,GTAGCGTA,TACGCTAC,1,GGTAGCTA,0,3,B,B4,alvespimycin,DMSO,10,6,FALSE
14,AGAGTCCA,TGGACTCT,1,GGTAGCTA,0,3,B,B5,bortezomib,DMSO,0.01,6,FALSE
15,GCTACTCT,AGAGTAGC,1,GGTAGCTA,0,3,B,B6,cytochalasin-d,DMSO,10,6,FALSE
16,CTCTGGAT,ATCCAGAG,1,GGTAGCTA,0,3,B,B7,dexamethasone,DMSO,10,6,FALSE
17,AGATCGTC,GACGATCT,1,GGTAGCTA,0,3,B,B8,forskolin,DMSO,10,6,FALSE
18,GCTCAGTT,AACTGAGC,1,GGTAGCTA,0,3,B,B9,fulvestrant,DMSO,10,6,FALSE
19,GTCCTAAG,CTTAGGAC,1,GGTAGCTA,0,3,B,B10,genistein,DMSO,10,6,FALSE
20,TATGGCAC,GTGCCATA,1,GGTAGCTA,0,3,B,B11,ITE,DMSO,10,6,FALSE
11,GATCTTGC,GCAAGATC,4,TGGGACAT,3,3,B,C2,lovastatin,DMSO,10,6,FALSE
12,AGGATAGC,GCTATCCT,4,TGGGACAT,3,3,B,C3,vitamin-k3,DMSO,10,6,FALSE
13,GTAGCGTA,TACGCTAC,4,TGGGACAT,3,3,B,C4,mitoxantrone,DMSO,10,6,FALSE
14,AGAGTCCA,TGGACTCT,4,TGGGACAT,3,3,B,C5,DMSO,DMSO,0,6,TRUE
15,GCTACTCT,AGAGTAGC,4,TGGGACAT,3,3,B,C6,nocodazole,DMSO,10,6,FALSE
16,CTCTGGAT,ATCCAGAG,4,TGGGACAT,3,3,B,C7,PMA,DMSO,10,6,FALSE
17,AGATCGTC,GACGATCT,4,TGGGACAT,3,3,B,C8,piperine,DMSO,10,6,FALSE
18,GCTCAGTT,AACTGAGC,4,TGGGACAT,3,3,B,C9,SP600125,DMSO,10,6,FALSE
19,GTCCTAAG,CTTAGGAC,4,TGGGACAT,3,3,B,C10,radicicol,DMSO,10,6,FALSE
20,TATGGCAC,GTGCCATA,4,TGGGACAT,3,3,B,C11,SB202190,DMSO,10,6,FALSE
11,GATCTTGC,GCAAGATC,2,GTATCAGC,3,3,B,D2,STO609,DMSO,10,6,FALSE
12,AGGATAGC,GCTATCCT,2,GTATCAGC,3,3,B,D3,thapsigargin,DMSO,10,6,FALSE
13,GTAGCGTA,TACGCTAC,2,GTATCAGC,3,3,B,D4,all-trans-retinoic-acid,DMSO,10,6,FALSE
14,AGAGTCCA,TGGACTCT,2,GTATCAGC,3,3,B,D5,trichostatin-a,DMSO,10,6,FALSE
15,GCTACTCT,AGAGTAGC,2,GTATCAGC,3,3,B,D6,tricirbine,DMSO,10,6,FALSE
16,CTCTGGAT,ATCCAGAG,2,GTATCAGC,3,3,B,D7,troglitazone,DMSO,10,6,FALSE
17,AGATCGTC,GACGATCT,2,GTATCAGC,3,3,B,D8,SAHA,DMSO,10,6,FALSE
18,GCTCAGTT,AACTGAGC,2,GTATCAGC,3,3,B,D9,withaferin-a,DMSO,10,6,FALSE
19,GTCCTAAG,CTTAGGAC,2,GTATCAGC,3,3,B,D10,DMSO,DMSO,0,6,TRUE
20,TATGGCAC,GTGCCATA,2,GTATCAGC,3,3,B,D11,wortmannin,DMSO,10,6,FALSE
11,GATCTTGC,GCAAGATC,5,CGTTCGCA,0,4,B,E2,wortmannin,DMSO,10,6,FALSE
12,AGGATAGC,GCTATCCT,5,CGTTCGCA,0,4,B,E3,DMSO,DMSO,0,6,TRUE
13,GTAGCGTA,TACGCTAC,5,CGTTCGCA,0,4,B,E4,withaferin-a,DMSO,10,6,FALSE
14,AGAGTCCA,TGGACTCT,5,CGTTCGCA,0,4,B,E5,SAHA,DMSO,10,6,FALSE
15,GCTACTCT,AGAGTAGC,5,CGTTCGCA,0,4,B,E6,troglitazone,DMSO,10,6,FALSE
16,CTCTGGAT,ATCCAGAG,5,CGTTCGCA,0,4,B,E7,tricirbine,DMSO,10,6,FALSE
17,AGATCGTC,GACGATCT,5,CGTTCGCA,0,4,B,E8,trichostatin-a,DMSO,10,6,FALSE
18,GCTCAGTT,AACTGAGC,5,CGTTCGCA,0,4,B,E9,all-trans-retinoic-acid,DMSO,10,6,FALSE
19,GTCCTAAG,CTTAGGAC,5,CGTTCGCA,0,4,B,E10,thapsigargin,DMSO,10,6,FALSE
20,TATGGCAC,GTGCCATA,5,CGTTCGCA,0,4,B,E11,STO609,DMSO,10,6,FALSE
11,GATCTTGC,GCAAGATC,3,CCATTAAT,0,4,B,F2,SB202190,DMSO,10,6,FALSE
12,AGGATAGC,GCTATCCT,3,CCATTAAT,0,4,B,F3,radicicol,DMSO,10,6,FALSE
13,GTAGCGTA,TACGCTAC,3,CCATTAAT,0,4,B,F4,SP600125,DMSO,10,6,FALSE
14,AGAGTCCA,TGGACTCT,3,CCATTAAT,0,4,B,F5,piperine,DMSO,10,6,FALSE
15,GCTACTCT,AGAGTAGC,3,CCATTAAT,0,4,B,F6,PMA,DMSO,10,6,FALSE
16,CTCTGGAT,ATCCAGAG,3,CCATTAAT,0,4,B,F7,nocodazole,DMSO,10,6,FALSE
17,AGATCGTC,GACGATCT,3,CCATTAAT,0,4,B,F8,DMSO,DMSO,0,6,TRUE
18,GCTCAGTT,AACTGAGC,3,CCATTAAT,0,4,B,F9,mitoxantrone,DMSO,10,6,FALSE
19,GTCCTAAG,CTTAGGAC,3,CCATTAAT,0,4,B,F10,vitamin-k3,DMSO,10,6,FALSE
20,TATGGCAC,GTGCCATA,3,CCATTAAT,0,4,B,F11,lovastatin,DMSO,10,6,FALSE
11,GATCTTGC,GCAAGATC,6,TCACCTTG,3,4,B,G2,ITE,DMSO,10,6,FALSE
12,AGGATAGC,GCTATCCT,6,TCACCTTG,3,4,B,G3,genistein,DMSO,10,6,FALSE
13,GTAGCGTA,TACGCTAC,6,TCACCTTG,3,4,B,G4,fulvestrant,DMSO,10,6,FALSE
14,AGAGTCCA,TGGACTCT,6,TCACCTTG,3,4,B,G5,forskolin,DMSO,10,6,FALSE
15,GCTACTCT,AGAGTAGC,6,TCACCTTG,3,4,B,G6,dexamethasone,DMSO,10,6,FALSE
16,CTCTGGAT,ATCCAGAG,6,TCACCTTG,3,4,B,G7,cytochalasin-d,DMSO,10,6,FALSE
17,AGATCGTC,GACGATCT,6,TCACCTTG,3,4,B,G8,bortezomib,DMSO,0.01,6,FALSE
18,GCTCAGTT,AACTGAGC,6,TCACCTTG,3,4,B,G9,alvespimycin,DMSO,10,6,FALSE
19,GTCCTAAG,CTTAGGAC,6,TCACCTTG,3,4,B,G10,AICAR,DMSO,10,6,FALSE
20,TATGGCAC,GTGCCATA,6,TCACCTTG,3,4,B,G11,b-estradiol,DMSO,10,6,FALSE